id,firstname,lastname,email,profession
1,Margette,Nikaniki,Margette.Nikaniki@yopmail.com,police officer
2,Lyssa,Charmine,Lyssa.Charmine@yopmail.com,firefighter
3,Danika,Kelula,Danika.Kelula@yopmail.com,firefighter
4,Amii,Goth,Amii.Goth@yopmail.com,police officer
5,Morganica,Sisile,Morganica.Sisile@yopmail.com,worker
6,Raf,Jefferey,Raf.Jefferey@yopmail.com,firefighter
7,Arabel,Clarissa,Arabel.Clarissa@yopmail.com,doctor
8,Georgina,Lail,Georgina.Lail@yopmail.com,police officer
9,Cristine,Fry,Cristine.Fry@yopmail.com,developer
10,Janey,Pettiford,Janey.Pettiford@yopmail.com,police officer